INSERT INTO City (nome, region) VALUES
-- ABRUZZO
('L''Aquila', 'Abruzzo'),
('Chieti', 'Abruzzo'),
('Pescara', 'Abruzzo'),
('Teramo', 'Abruzzo'),

-- BASILICATA
('Potenza', 'Basilicata'),
('Matera', 'Basilicata'),

-- CALABRIA
('Catanzaro', 'Calabria'),
('Cosenza', 'Calabria'),
('Crotone', 'Calabria'),
('Reggio Calabria', 'Calabria'),
('Vibo Valentia', 'Calabria'),

-- CAMPANIA
('Napoli', 'Campania'),
('Avellino', 'Campania'),
('Benevento', 'Campania'),
('Caserta', 'Campania'),
('Salerno', 'Campania'),

-- EMILIA-ROMAGNA
('Bologna', 'Emilia-Romagna'),
('Ferrara', 'Emilia-Romagna'),
('Forlì', 'Emilia-Romagna'),
('Cesena', 'Emilia-Romagna'),
('Modena', 'Emilia-Romagna'),
('Parma', 'Emilia-Romagna'),
('Piacenza', 'Emilia-Romagna'),
('Ravenna', 'Emilia-Romagna'),
('Reggio Emilia', 'Emilia-Romagna'),
('Rimini', 'Emilia-Romagna'),

-- FRIULI-VENEZIA GIULIA
('Trieste', 'Friuli-Venezia Giulia'),
('Gorizia', 'Friuli-Venezia Giulia'),
('Pordenone', 'Friuli-Venezia Giulia'),
('Udine', 'Friuli-Venezia Giulia'),

-- LAZIO
('Roma', 'Lazio'),
('Frosinone', 'Lazio'),
('Latina', 'Lazio'),
('Rieti', 'Lazio'),
('Viterbo', 'Lazio'),
('Ardea', 'Lazio'),
('Pomezia', 'Lazio'),

-- LIGURIA
('Genova', 'Liguria'),
('Imperia', 'Liguria'),
('La Spezia', 'Liguria'),
('Savona', 'Liguria'),

-- LOMBARDIA
('Milano', 'Lombardia'),
('Bergamo', 'Lombardia'),
('Brescia', 'Lombardia'),
('Como', 'Lombardia'),
('Cremona', 'Lombardia'),
('Lecco', 'Lombardia'),
('Lodi', 'Lombardia'),
('Mantova', 'Lombardia'),
('Monza', 'Lombardia'),
('Pavia', 'Lombardia'),
('Sondrio', 'Lombardia'),
('Varese', 'Lombardia'),

-- MARCHE
('Ancona', 'Marche'),
('Ascoli Piceno', 'Marche'),
('Fermo', 'Marche'),
('Macerata', 'Marche'),
('Pesaro', 'Marche'),
('Urbino', 'Marche'),

-- MOLISE
('Campobasso', 'Molise'),
('Isernia', 'Molise'),

-- PIEMONTE
('Torino', 'Piemonte'),
('Alessandria', 'Piemonte'),
('Asti', 'Piemonte'),
('Biella', 'Piemonte'),
('Cuneo', 'Piemonte'),
('Novara', 'Piemonte'),
('Verbania', 'Piemonte'),
('Vercelli', 'Piemonte'),

-- PUGLIA
('Bari', 'Puglia'),
('Andria', 'Puglia'),
('Barletta', 'Puglia'),
('Trani', 'Puglia'),
('Brindisi', 'Puglia'),
('Foggia', 'Puglia'),
('Lecce', 'Puglia'),
('Taranto', 'Puglia'),

-- SARDEGNA
('Cagliari', 'Sardegna'),
('Nuoro', 'Sardegna'),
('Oristano', 'Sardegna'),
('Sassari', 'Sardegna'),
('Sud Sardegna', 'Sardegna'),

-- SICILIA
('Palermo', 'Sicilia'),
('Agrigento', 'Sicilia'),
('Caltanissetta', 'Sicilia'),
('Catania', 'Sicilia'),
('Enna', 'Sicilia'),
('Messina', 'Sicilia'),
('Ragusa', 'Sicilia'),
('Siracusa', 'Sicilia'),
('Trapani', 'Sicilia'),

-- TOSCANA
('Firenze', 'Toscana'),
('Arezzo', 'Toscana'),
('Grosseto', 'Toscana'),
('Livorno', 'Toscana'),
('Lucca', 'Toscana'),
('Massa', 'Toscana'),
('Carrara', 'Toscana'),
('Pisa', 'Toscana'),
('Pistoia', 'Toscana'),
('Prato', 'Toscana'),
('Siena', 'Toscana'),

-- TRENTINO-ALTO ADIGE
('Trento', 'Trentino-Alto Adige'),
('Bolzano', 'Trentino-Alto Adige'),

-- UMBRIA
('Perugia', 'Umbria'),
('Terni', 'Umbria'),

-- VALLE D'AOSTA
('Aosta', 'Valle d''Aosta'),

-- VENETO
('Venezia', 'Veneto'),
('Belluno', 'Veneto'),
('Padova', 'Veneto'),
('Rovigo', 'Veneto'),
('Treviso', 'Veneto'),
('Verona', 'Veneto'),
('Vicenza', 'Veneto');